{
    "judul": "Deteksi Deepfake Berbasis Residual Noise: Perbandingan Representasi Fitur Domain Spasial dan DCT Menggunakan CNN",
    "results": {
        "baseline": {
            "name": "Baseline (RGB Only)",
            "accuracy": 99.7532894736842,
            "precision": 1.0,
            "recall": 0.9950657894736842,
            "f1_score": 0.9975267930750206,
            "auc": 0.9998349852839336
        },
        "residual_spatial": {
            "name": "Residual Noise \u2014 Domain Spasial",
            "accuracy": 99.78070175438596,
            "precision": 0.9972617743702081,
            "recall": 0.9983552631578947,
            "f1_score": 0.9978082191780822,
            "auc": 0.9999176429285933
        },
        "residual_dct": {
            "name": "Residual Noise \u2014 Domain DCT",
            "accuracy": 98.51973684210526,
            "precision": 0.9732620320855615,
            "recall": 0.9978070175438597,
            "f1_score": 0.9853817000541418,
            "auc": 0.9993901368690365
        }
    },
    "feature_comparison": {
        "baseline_accuracy": 99.7532894736842,
        "residual_spatial_accuracy": 99.78070175438596,
        "residual_dct_accuracy": 98.51973684210526,
        "spatial_vs_dct_diff": 1.261
    }
}