{
    "results": {
        "baseline": {
            "name": "Baseline (RGB Only)",
            "accuracy": 99.61622807017544,
            "precision": 0.9983480176211453,
            "recall": 0.9939692982456141,
            "f1_score": 0.9961538461538462,
            "auc": 0.9991794350184674
        },
        "residual_spatial": {
            "name": "Residual Spatial",
            "accuracy": 99.23245614035088,
            "precision": 0.9983351831298557,
            "recall": 0.9862938596491229,
            "f1_score": 0.9922779922779923,
            "auc": 0.999776072926285
        },
        "residual_dct": {
            "name": "Residual DCT",
            "accuracy": 96.49122807017544,
            "precision": 0.9402907580477674,
            "recall": 0.9928728070175439,
            "f1_score": 0.9658666666666667,
            "auc": 0.9950820204293629
        },
        "fusion": {
            "name": "Multi-Stream Fusion",
            "accuracy": 99.20504385964912,
            "precision": 0.996130458817026,
            "recall": 0.9879385964912281,
            "f1_score": 0.9920176162950729,
            "auc": 0.9993474554670668
        }
    },
    "ablation_study": {
        "baseline_accuracy": 99.61622807017544,
        "proposed_accuracy": 99.20504385964912,
        "improvement": -0.41118421052631504
    }
}