{
    "method": "baseline",
    "loss": 0.01716003947101329,
    "accuracy": 99.61622807017544,
    "precision": 0.9983480176211453,
    "recall": 0.9939692982456141,
    "f1_score": 0.9961538461538462,
    "auc": 0.9991794350184674
}