{
    "method": "baseline",
    "loss": 0.011278550531977473,
    "accuracy": 99.7532894736842,
    "precision": 1.0,
    "recall": 0.9950657894736842,
    "f1_score": 0.9975267930750206,
    "auc": 0.9998349852839336
}