{
    "method": "baseline",
    "loss": 0.03697471570270485,
    "accuracy": 99.50074887668497,
    "precision": 1.0,
    "recall": 0.9900149775336995,
    "f1_score": 0.994982438534872,
    "auc": 0.9988300125946877
}