{
    "method": "fusion",
    "loss": 0.024952723665398736,
    "accuracy": 99.20504385964912,
    "precision": 0.996130458817026,
    "recall": 0.9879385964912281,
    "f1_score": 0.9920176162950729,
    "auc": 0.9993474554670668
}