{
    "method": "residual_dct",
    "loss": 0.10773084467766973,
    "accuracy": 96.49122807017544,
    "precision": 0.9402907580477674,
    "recall": 0.9928728070175439,
    "f1_score": 0.9658666666666667,
    "auc": 0.9950820204293629
}