{
    "method": "residual_dct",
    "loss": 0.09090596687867585,
    "accuracy": 96.63005491762357,
    "precision": 0.9533980582524272,
    "recall": 0.9805292061907139,
    "f1_score": 0.9667733202067438,
    "auc": 0.9967649623916597
}