{
    "method": "residual_spatial",
    "loss": 0.019876478108308754,
    "accuracy": 99.23245614035088,
    "precision": 0.9983351831298557,
    "recall": 0.9862938596491229,
    "f1_score": 0.9922779922779923,
    "auc": 0.999776072926285
}