{
    "method": "residual_spatial",
    "loss": 0.008938355359707195,
    "accuracy": 99.72541188217673,
    "precision": 1.0,
    "recall": 0.9945082376435347,
    "f1_score": 0.9972465581977472,
    "auc": 0.9999705883012724
}