{
    "method": "residual_dct",
    "loss": 0.04178770652037586,
    "accuracy": 98.51973684210526,
    "precision": 0.9732620320855615,
    "recall": 0.9978070175438597,
    "f1_score": 0.9853817000541418,
    "auc": 0.9993901368690365
}