{
    "method": "residual_spatial",
    "loss": 0.00935789988366465,
    "accuracy": 99.78070175438596,
    "precision": 0.9972617743702081,
    "recall": 0.9983552631578947,
    "f1_score": 0.9978082191780822,
    "auc": 0.9999176429285933
}